indice,nombre_archivo,ruta_original_docx
1,imagen_001.jpeg,word/media/image1.jpeg
2,imagen_002.jpeg,word/media/image2.jpeg
3,imagen_003.jpeg,word/media/image3.jpeg
4,imagen_004.jpeg,word/media/image4.jpeg
5,imagen_005.jpeg,word/media/image5.jpeg
6,imagen_006.jpeg,word/media/image6.jpeg
7,imagen_007.jpeg,word/media/image7.jpeg
8,imagen_008.jpeg,word/media/image8.jpeg
9,imagen_009.jpeg,word/media/image9.jpeg
10,imagen_010.jpeg,word/media/image10.jpeg
11,imagen_011.jpeg,word/media/image11.jpeg
12,imagen_012.jpeg,word/media/image12.jpeg
13,imagen_013.jpeg,word/media/image13.jpeg
14,imagen_014.jpeg,word/media/image14.jpeg
15,imagen_015.jpeg,word/media/image15.jpeg
16,imagen_016.jpeg,word/media/image16.jpeg
17,imagen_017.jpeg,word/media/image17.jpeg
18,imagen_018.jpeg,word/media/image18.jpeg
19,imagen_019.jpeg,word/media/image19.jpeg
20,imagen_020.jpeg,word/media/image20.jpeg
21,imagen_021.jpeg,word/media/image21.jpeg
22,imagen_022.jpeg,word/media/image22.jpeg
23,imagen_023.jpeg,word/media/image23.jpeg
24,imagen_024.jpeg,word/media/image24.jpeg
25,imagen_025.jpeg,word/media/image25.jpeg
26,imagen_026.jpeg,word/media/image26.jpeg
27,imagen_027.jpeg,word/media/image27.jpeg
28,imagen_028.jpeg,word/media/image28.jpeg
29,imagen_029.jpeg,word/media/image29.jpeg
30,imagen_030.jpeg,word/media/image30.jpeg
31,imagen_031.jpeg,word/media/image31.jpeg
32,imagen_032.jpeg,word/media/image11.jpeg
33,imagen_033.jpeg,word/media/image32.jpeg
34,imagen_034.jpeg,word/media/image33.jpeg
35,imagen_035.jpeg,word/media/image34.jpeg
36,imagen_036.jpeg,word/media/image35.jpeg
37,imagen_037.jpeg,word/media/image36.jpeg
38,imagen_038.jpeg,word/media/image37.jpeg
39,imagen_039.jpeg,word/media/image38.jpeg
40,imagen_040.jpeg,word/media/image39.jpeg
41,imagen_041.jpeg,word/media/image40.jpeg
42,imagen_042.jpeg,word/media/image41.jpeg
43,imagen_043.jpeg,word/media/image42.jpeg
44,imagen_044.jpeg,word/media/image43.jpeg
45,imagen_045.jpeg,word/media/image44.jpeg
46,imagen_046.jpeg,word/media/image45.jpeg
47,imagen_047.jpeg,word/media/image46.jpeg
48,imagen_048.jpeg,word/media/image47.jpeg
49,imagen_049.jpeg,word/media/image48.jpeg
50,imagen_050.jpeg,word/media/image49.jpeg
51,imagen_051.jpeg,word/media/image50.jpeg
52,imagen_052.jpeg,word/media/image51.jpeg
53,imagen_053.jpeg,word/media/image52.jpeg
54,imagen_054.jpeg,word/media/image53.jpeg
55,imagen_055.jpeg,word/media/image54.jpeg
56,imagen_056.jpeg,word/media/image55.jpeg
57,imagen_057.jpeg,word/media/image56.jpeg
58,imagen_058.jpeg,word/media/image57.jpeg
59,imagen_059.jpeg,word/media/image58.jpeg
60,imagen_060.jpeg,word/media/image59.jpeg
61,imagen_061.jpeg,word/media/image60.jpeg
62,imagen_062.jpeg,word/media/image61.jpeg
63,imagen_063.jpeg,word/media/image62.jpeg
64,imagen_064.jpeg,word/media/image63.jpeg
65,imagen_065.jpeg,word/media/image64.jpeg
66,imagen_066.jpeg,word/media/image65.jpeg
67,imagen_067.jpeg,word/media/image66.jpeg
68,imagen_068.jpeg,word/media/image67.jpeg
69,imagen_069.jpeg,word/media/image68.jpeg
70,imagen_070.jpeg,word/media/image69.jpeg
71,imagen_071.jpeg,word/media/image70.jpeg
72,imagen_072.jpeg,word/media/image71.jpeg
73,imagen_073.jpeg,word/media/image72.jpeg
74,imagen_074.jpeg,word/media/image73.jpeg
75,imagen_075.jpeg,word/media/image74.jpeg
76,imagen_076.jpeg,word/media/image75.jpeg
77,imagen_077.jpeg,word/media/image76.jpeg
78,imagen_078.jpeg,word/media/image77.jpeg
79,imagen_079.jpeg,word/media/image78.jpeg
80,imagen_080.jpeg,word/media/image79.jpeg
81,imagen_081.jpeg,word/media/image80.jpeg
82,imagen_082.jpeg,word/media/image81.jpeg
83,imagen_083.jpeg,word/media/image82.jpeg
84,imagen_084.jpeg,word/media/image83.jpeg
85,imagen_085.jpeg,word/media/image84.jpeg
86,imagen_086.jpeg,word/media/image85.jpeg
87,imagen_087.jpeg,word/media/image86.jpeg
88,imagen_088.jpeg,word/media/image87.jpeg
89,imagen_089.jpeg,word/media/image88.jpeg
90,imagen_090.jpeg,word/media/image89.jpeg
91,imagen_091.jpeg,word/media/image90.jpeg
92,imagen_092.jpeg,word/media/image91.jpeg
93,imagen_093.jpeg,word/media/image92.jpeg
94,imagen_094.jpeg,word/media/image93.jpeg
95,imagen_095.jpeg,word/media/image94.jpeg
96,imagen_096.jpeg,word/media/image95.jpeg
97,imagen_097.jpeg,word/media/image96.jpeg
98,imagen_098.jpeg,word/media/image97.jpeg
99,imagen_099.jpeg,word/media/image98.jpeg
100,imagen_100.jpeg,word/media/image99.jpeg
101,imagen_101.jpeg,word/media/image100.jpeg
102,imagen_102.jpeg,word/media/image101.jpeg
103,imagen_103.jpeg,word/media/image102.jpeg
104,imagen_104.jpeg,word/media/image103.jpeg
105,imagen_105.jpeg,word/media/image104.jpeg
106,imagen_106.jpeg,word/media/image105.jpeg
107,imagen_107.jpeg,word/media/image106.jpeg
108,imagen_108.jpeg,word/media/image107.jpeg
109,imagen_109.jpeg,word/media/image108.jpeg
110,imagen_110.jpeg,word/media/image109.jpeg
111,imagen_111.jpeg,word/media/image110.jpeg
112,imagen_112.jpeg,word/media/image111.jpeg
113,imagen_113.jpeg,word/media/image112.jpeg
114,imagen_114.jpeg,word/media/image113.jpeg
115,imagen_115.jpeg,word/media/image114.jpeg
116,imagen_116.jpeg,word/media/image115.jpeg
117,imagen_117.jpeg,word/media/image116.jpeg
118,imagen_118.jpeg,word/media/image117.jpeg
119,imagen_119.jpeg,word/media/image118.jpeg
120,imagen_120.jpeg,word/media/image119.jpeg
121,imagen_121.jpeg,word/media/image120.jpeg
122,imagen_122.jpeg,word/media/image121.jpeg
123,imagen_123.jpeg,word/media/image122.jpeg
124,imagen_124.jpeg,word/media/image123.jpeg
125,imagen_125.jpeg,word/media/image124.jpeg
126,imagen_126.jpeg,word/media/image125.jpeg
127,imagen_127.jpeg,word/media/image126.jpeg
128,imagen_128.jpeg,word/media/image127.jpeg
129,imagen_129.jpeg,word/media/image128.jpeg
130,imagen_130.jpeg,word/media/image129.jpeg
131,imagen_131.jpeg,word/media/image130.jpeg
132,imagen_132.jpeg,word/media/image131.jpeg
133,imagen_133.jpeg,word/media/image132.jpeg
134,imagen_134.jpeg,word/media/image133.jpeg
135,imagen_135.jpeg,word/media/image134.jpeg
136,imagen_136.jpeg,word/media/image135.jpeg
137,imagen_137.jpeg,word/media/image136.jpeg
138,imagen_138.jpeg,word/media/image137.jpeg
139,imagen_139.jpeg,word/media/image138.jpeg
140,imagen_140.jpeg,word/media/image139.jpeg
141,imagen_141.jpeg,word/media/image140.jpeg
142,imagen_142.jpeg,word/media/image141.jpeg
143,imagen_143.jpeg,word/media/image142.jpeg
144,imagen_144.jpeg,word/media/image143.jpeg
145,imagen_145.jpeg,word/media/image144.jpeg
146,imagen_146.jpeg,word/media/image145.jpeg
147,imagen_147.jpeg,word/media/image146.jpeg
148,imagen_148.jpeg,word/media/image147.jpeg
149,imagen_149.jpeg,word/media/image148.jpeg
150,imagen_150.jpeg,word/media/image149.jpeg
151,imagen_151.jpeg,word/media/image150.jpeg
152,imagen_152.jpeg,word/media/image151.jpeg
153,imagen_153.jpeg,word/media/image152.jpeg
154,imagen_154.jpeg,word/media/image153.jpeg
155,imagen_155.jpeg,word/media/image154.jpeg
156,imagen_156.jpeg,word/media/image155.jpeg
157,imagen_157.jpeg,word/media/image156.jpeg
158,imagen_158.jpeg,word/media/image157.jpeg
159,imagen_159.jpeg,word/media/image158.jpeg
160,imagen_160.jpeg,word/media/image159.jpeg
161,imagen_161.jpeg,word/media/image160.jpeg
162,imagen_162.jpeg,word/media/image161.jpeg
163,imagen_163.jpeg,word/media/image162.jpeg
164,imagen_164.jpeg,word/media/image163.jpeg
165,imagen_165.jpeg,word/media/image164.jpeg
166,imagen_166.jpeg,word/media/image165.jpeg
167,imagen_167.jpeg,word/media/image166.jpeg
168,imagen_168.jpeg,word/media/image167.jpeg
169,imagen_169.jpeg,word/media/image168.jpeg
170,imagen_170.jpeg,word/media/image169.jpeg
171,imagen_171.jpeg,word/media/image170.jpeg
172,imagen_172.jpeg,word/media/image171.jpeg
173,imagen_173.jpeg,word/media/image172.jpeg
174,imagen_174.jpeg,word/media/image173.jpeg
175,imagen_175.jpeg,word/media/image174.jpeg
176,imagen_176.jpeg,word/media/image175.jpeg
177,imagen_177.jpeg,word/media/image176.jpeg
178,imagen_178.jpeg,word/media/image177.jpeg
179,imagen_179.jpeg,word/media/image178.jpeg
180,imagen_180.jpeg,word/media/image179.jpeg
181,imagen_181.jpeg,word/media/image180.jpeg
182,imagen_182.jpeg,word/media/image181.jpeg
183,imagen_183.jpeg,word/media/image182.jpeg
184,imagen_184.jpeg,word/media/image183.jpeg
185,imagen_185.jpeg,word/media/image184.jpeg
186,imagen_186.jpeg,word/media/image185.jpeg
187,imagen_187.jpeg,word/media/image186.jpeg
188,imagen_188.jpeg,word/media/image187.jpeg
189,imagen_189.jpeg,word/media/image188.jpeg
190,imagen_190.jpeg,word/media/image189.jpeg
191,imagen_191.jpeg,word/media/image190.jpeg
192,imagen_192.jpeg,word/media/image191.jpeg
193,imagen_193.jpeg,word/media/image192.jpeg
194,imagen_194.jpeg,word/media/image193.jpeg
195,imagen_195.jpeg,word/media/image194.jpeg
196,imagen_196.jpeg,word/media/image195.jpeg
197,imagen_197.jpeg,word/media/image196.jpeg
198,imagen_198.jpeg,word/media/image197.jpeg
199,imagen_199.jpeg,word/media/image198.jpeg
200,imagen_200.jpeg,word/media/image199.jpeg
201,imagen_201.jpeg,word/media/image200.jpeg
202,imagen_202.jpeg,word/media/image201.jpeg
203,imagen_203.jpeg,word/media/image202.jpeg
204,imagen_204.jpeg,word/media/image203.jpeg
205,imagen_205.jpeg,word/media/image204.jpeg
206,imagen_206.jpeg,word/media/image205.jpeg
207,imagen_207.jpeg,word/media/image206.jpeg
208,imagen_208.jpeg,word/media/image207.jpeg
209,imagen_209.jpeg,word/media/image208.jpeg
210,imagen_210.jpeg,word/media/image209.jpeg
211,imagen_211.jpeg,word/media/image210.jpeg
212,imagen_212.jpeg,word/media/image211.jpeg
213,imagen_213.jpeg,word/media/image212.jpeg
214,imagen_214.jpeg,word/media/image213.jpeg
215,imagen_215.jpeg,word/media/image214.jpeg
216,imagen_216.jpeg,word/media/image215.jpeg
217,imagen_217.jpeg,word/media/image216.jpeg
218,imagen_218.jpeg,word/media/image217.jpeg
219,imagen_219.jpeg,word/media/image218.jpeg
220,imagen_220.jpeg,word/media/image219.jpeg
221,imagen_221.jpeg,word/media/image220.jpeg
222,imagen_222.jpeg,word/media/image221.jpeg
223,imagen_223.jpeg,word/media/image222.jpeg
224,imagen_224.jpeg,word/media/image223.jpeg
225,imagen_225.jpeg,word/media/image224.jpeg
226,imagen_226.jpeg,word/media/image225.jpeg
227,imagen_227.jpeg,word/media/image226.jpeg
228,imagen_228.jpeg,word/media/image227.jpeg
229,imagen_229.jpeg,word/media/image228.jpeg
230,imagen_230.jpeg,word/media/image229.jpeg
231,imagen_231.jpeg,word/media/image230.jpeg
232,imagen_232.jpeg,word/media/image231.jpeg
233,imagen_233.jpeg,word/media/image232.jpeg
234,imagen_234.jpeg,word/media/image233.jpeg
235,imagen_235.jpeg,word/media/image234.jpeg
236,imagen_236.jpeg,word/media/image235.jpeg
237,imagen_237.jpeg,word/media/image236.jpeg
238,imagen_238.jpeg,word/media/image237.jpeg
239,imagen_239.jpeg,word/media/image238.jpeg
240,imagen_240.jpeg,word/media/image239.jpeg
241,imagen_241.jpeg,word/media/image240.jpeg
242,imagen_242.jpeg,word/media/image241.jpeg
243,imagen_243.jpeg,word/media/image242.jpeg
244,imagen_244.jpeg,word/media/image243.jpeg
245,imagen_245.jpeg,word/media/image244.jpeg
246,imagen_246.jpeg,word/media/image245.jpeg
247,imagen_247.jpeg,word/media/image246.jpeg
248,imagen_248.jpeg,word/media/image247.jpeg
249,imagen_249.jpeg,word/media/image248.jpeg
250,imagen_250.jpeg,word/media/image249.jpeg
251,imagen_251.jpeg,word/media/image250.jpeg
252,imagen_252.jpeg,word/media/image251.jpeg
253,imagen_253.jpeg,word/media/image252.jpeg
254,imagen_254.jpeg,word/media/image253.jpeg
255,imagen_255.jpeg,word/media/image254.jpeg
256,imagen_256.jpeg,word/media/image255.jpeg
257,imagen_257.jpeg,word/media/image256.jpeg
258,imagen_258.jpeg,word/media/image257.jpeg
259,imagen_259.jpeg,word/media/image258.jpeg
260,imagen_260.jpeg,word/media/image259.jpeg
261,imagen_261.jpeg,word/media/image260.jpeg
262,imagen_262.jpeg,word/media/image261.jpeg
263,imagen_263.jpeg,word/media/image262.jpeg
264,imagen_264.jpeg,word/media/image263.jpeg
265,imagen_265.jpeg,word/media/image264.jpeg
266,imagen_266.jpeg,word/media/image265.jpeg
267,imagen_267.jpeg,word/media/image266.jpeg
268,imagen_268.jpeg,word/media/image267.jpeg
269,imagen_269.jpeg,word/media/image268.jpeg
270,imagen_270.jpeg,word/media/image269.jpeg
271,imagen_271.jpeg,word/media/image270.jpeg
272,imagen_272.jpeg,word/media/image271.jpeg
273,imagen_273.jpeg,word/media/image272.jpeg
274,imagen_274.jpeg,word/media/image273.jpeg
275,imagen_275.jpeg,word/media/image274.jpeg
276,imagen_276.jpeg,word/media/image275.jpeg
277,imagen_277.jpeg,word/media/image276.jpeg
278,imagen_278.jpeg,word/media/image277.jpeg
279,imagen_279.jpeg,word/media/image278.jpeg
280,imagen_280.jpeg,word/media/image279.jpeg
281,imagen_281.jpeg,word/media/image280.jpeg
282,imagen_282.jpeg,word/media/image281.jpeg
283,imagen_283.jpeg,word/media/image282.jpeg
284,imagen_284.jpeg,word/media/image283.jpeg
285,imagen_285.jpeg,word/media/image284.jpeg
286,imagen_286.jpeg,word/media/image285.jpeg
287,imagen_287.jpeg,word/media/image286.jpeg
288,imagen_288.jpeg,word/media/image287.jpeg
289,imagen_289.jpeg,word/media/image288.jpeg
290,imagen_290.jpeg,word/media/image289.jpeg
291,imagen_291.jpeg,word/media/image290.jpeg
292,imagen_292.jpeg,word/media/image291.jpeg
293,imagen_293.jpeg,word/media/image292.jpeg
294,imagen_294.jpeg,word/media/image293.jpeg
295,imagen_295.jpeg,word/media/image294.jpeg
296,imagen_296.jpeg,word/media/image295.jpeg
297,imagen_297.jpeg,word/media/image296.jpeg
298,imagen_298.jpeg,word/media/image297.jpeg
299,imagen_299.jpeg,word/media/image298.jpeg
300,imagen_300.jpeg,word/media/image299.jpeg
301,imagen_301.jpeg,word/media/image300.jpeg
302,imagen_302.jpeg,word/media/image301.jpeg
303,imagen_303.jpeg,word/media/image302.jpeg
304,imagen_304.jpeg,word/media/image303.jpeg
305,imagen_305.jpeg,word/media/image304.jpeg
306,imagen_306.jpeg,word/media/image305.jpeg
307,imagen_307.jpeg,word/media/image306.jpeg
308,imagen_308.jpeg,word/media/image307.jpeg
309,imagen_309.jpeg,word/media/image308.jpeg
310,imagen_310.jpeg,word/media/image309.jpeg
311,imagen_311.jpeg,word/media/image310.jpeg
312,imagen_312.jpeg,word/media/image311.jpeg
313,imagen_313.jpeg,word/media/image127.jpeg
314,imagen_314.jpeg,word/media/image312.jpeg
315,imagen_315.jpeg,word/media/image313.jpeg
316,imagen_316.jpeg,word/media/image314.jpeg
317,imagen_317.jpeg,word/media/image315.jpeg
318,imagen_318.jpeg,word/media/image316.jpeg
319,imagen_319.jpeg,word/media/image317.jpeg
320,imagen_320.jpeg,word/media/image318.jpeg
321,imagen_321.jpeg,word/media/image319.jpeg
322,imagen_322.jpeg,word/media/image320.jpeg
323,imagen_323.jpeg,word/media/image321.jpeg
324,imagen_324.jpeg,word/media/image322.jpeg
325,imagen_325.jpeg,word/media/image323.jpeg
326,imagen_326.jpeg,word/media/image324.jpeg
327,imagen_327.jpeg,word/media/image325.jpeg
328,imagen_328.jpeg,word/media/image326.jpeg
329,imagen_329.jpeg,word/media/image327.jpeg
330,imagen_330.jpeg,word/media/image328.jpeg
331,imagen_331.jpeg,word/media/image329.jpeg
332,imagen_332.jpeg,word/media/image330.jpeg
333,imagen_333.jpeg,word/media/image331.jpeg
334,imagen_334.jpeg,word/media/image332.jpeg
335,imagen_335.jpeg,word/media/image333.jpeg
336,imagen_336.jpeg,word/media/image334.jpeg
337,imagen_337.jpeg,word/media/image335.jpeg
338,imagen_338.jpeg,word/media/image336.jpeg
339,imagen_339.jpeg,word/media/image337.jpeg
340,imagen_340.jpeg,word/media/image338.jpeg
341,imagen_341.jpeg,word/media/image339.jpeg
342,imagen_342.jpeg,word/media/image340.jpeg
343,imagen_343.jpeg,word/media/image341.jpeg
344,imagen_344.jpeg,word/media/image342.jpeg
345,imagen_345.jpeg,word/media/image343.jpeg
346,imagen_346.jpeg,word/media/image162.jpeg
347,imagen_347.jpeg,word/media/image344.jpeg
348,imagen_348.jpeg,word/media/image164.jpeg
349,imagen_349.jpeg,word/media/image345.jpeg
350,imagen_350.jpeg,word/media/image346.jpeg
351,imagen_351.jpeg,word/media/image347.jpeg
352,imagen_352.jpeg,word/media/image348.jpeg
353,imagen_353.jpeg,word/media/image349.jpeg
354,imagen_354.jpeg,word/media/image350.jpeg
355,imagen_355.jpeg,word/media/image351.jpeg
356,imagen_356.jpeg,word/media/image352.jpeg
357,imagen_357.jpeg,word/media/image353.jpeg
358,imagen_358.jpeg,word/media/image354.jpeg
359,imagen_359.jpeg,word/media/image355.jpeg
360,imagen_360.jpeg,word/media/image356.jpeg
361,imagen_361.jpeg,word/media/image357.jpeg
362,imagen_362.jpeg,word/media/image358.jpeg
363,imagen_363.jpeg,word/media/image359.jpeg
364,imagen_364.jpeg,word/media/image360.jpeg
365,imagen_365.jpeg,word/media/image361.jpeg
366,imagen_366.jpeg,word/media/image362.jpeg
367,imagen_367.jpeg,word/media/image363.jpeg
368,imagen_368.jpeg,word/media/image364.jpeg
369,imagen_369.jpeg,word/media/image365.jpeg
370,imagen_370.jpeg,word/media/image366.jpeg
371,imagen_371.jpeg,word/media/image367.jpeg
372,imagen_372.jpeg,word/media/image368.jpeg
373,imagen_373.jpeg,word/media/image369.jpeg
374,imagen_374.jpeg,word/media/image370.jpeg
375,imagen_375.jpeg,word/media/image371.jpeg
376,imagen_376.jpeg,word/media/image372.jpeg
377,imagen_377.jpeg,word/media/image373.jpeg
378,imagen_378.jpeg,word/media/image374.jpeg
379,imagen_379.jpeg,word/media/image375.jpeg
380,imagen_380.jpeg,word/media/image201.jpeg
381,imagen_381.jpeg,word/media/image376.jpeg
382,imagen_382.jpeg,word/media/image377.jpeg
383,imagen_383.jpeg,word/media/image378.jpeg
384,imagen_384.jpeg,word/media/image379.jpeg
385,imagen_385.jpeg,word/media/image380.jpeg
